{"cameraMode":{"drawMode":0,"name":"Shaded","section":"Shading Mode"},"sceneLighting":true,"audioPlay":false,"sceneViewState":{"m_AlwaysRefresh":false,"showFog":true,"showSkybox":true,"showFlares":true,"showImageEffects":true,"showParticleSystems":true,"showVisualEffectGraphs":true,"m_FxEnabled":true},"in2DMode":false,"pivot":{"x":-0.676352322101593,"y":0.7084063291549683,"z":-8.133874893188477},"rotation":{"x":0.08240655064582825,"y":-0.0014948990428820253,"z":0.00012362886627670377,"w":0.9965991377830505},"size":0.6179251074790955,"orthographic":false}