{"cameraMode":{"drawMode":0,"name":"Shaded","section":"Shading Mode"},"sceneLighting":true,"audioPlay":false,"sceneViewState":{"m_AlwaysRefresh":false,"showFog":true,"showSkybox":true,"showFlares":true,"showImageEffects":true,"showParticleSystems":true,"showVisualEffectGraphs":true,"m_FxEnabled":true},"in2DMode":false,"pivot":{"x":-1.309220790863037,"y":0.8525724411010742,"z":-7.070033550262451},"rotation":{"x":0.06890445947647095,"y":-0.03441080078482628,"z":0.002378191100433469,"w":0.9970307350158691},"size":0.49234849214553835,"orthographic":true}